username;password;role
Bondowoso;cintaroro;bandung_bondowoso
Roro;gasukabondo;roro_jonggrang
kumpul;12345;jin_pengumpul
bangun;54321;jin_pembangun
kumpul;12345;jin_pengumpul
bangun;54321;jin_pembangun
kumpul;12345;jin_pengumpul
bangun;54321;jin_pembangun
kumpul;12345;jin_pengumpul
bangun;54321;jin_pembangun
kumpul;12345;jin_pengumpul
bangun;54321;jin_pembangun
kumpul;12345;jin_pengumpul
bangun;54321;jin_pembangun
kumpul;12345;jin_pengumpul
bangun;54321;jin_pembangun
kumpul;12345;jin_pengumpul
bangun;54321;jin_pembangun
kumpul;12345;jin_pengumpul
bangun;54321;jin_pembangun
kumpul;12345;jin_pengumpul
bangun;54321;jin_pembangun
kumpul;12345;jin_pengumpul
bangun;54321;jin_pembangun
kumpul;12345;jin_pengumpul
bangun;54321;jin_pembangun
kumpul;12345;jin_pengumpul
bangun;54321;jin_pembangun
kumpul;12345;jin_pengumpul
bangun;54321;jin_pembangun
kumpul;12345;jin_pengumpul
bangun;54321;jin_pembangun
kumpul;12345;jin_pengumpul
bangun;54321;jin_pembangun
kumpul;12345;jin_pengumpul
bangun;54321;jin_pembangun
kumpul;12345;jin_pengumpul
bangun;54321;jin_pembangun
kumpul;12345;jin_pengumpul
bangun;54321;jin_pembangun
kumpul;12345;jin_pengumpul
bangun;54321;jin_pembangun
kumpul;12345;jin_pengumpul
bangun;54321;jin_pembangun
kumpul;12345;jin_pengumpul
bangun;54321;jin_pembangun
kumpul;12345;jin_pengumpul
bangun;54321;jin_pembangun
kumpul;12345;jin_pengumpul
bangun;54321;jin_pembangun
kumpul;12345;jin_pengumpul
bangun;54321;jin_pembangun
kumpul;12345;jin_pengumpul
bangun;54321;jin_pembangun
kumpul;12345;jin_pengumpul
bangun;54321;jin_pembangun
kumpul;12345;jin_pengumpul
bangun;54321;jin_pembangun
kumpul;12345;jin_pengumpul
bangun;54321;jin_pembangun
kumpul;12345;jin_pengumpul
bangun;54321;jin_pembangun
kumpul;12345;jin_pengumpul
bangun;54321;jin_pembangun
kumpul;12345;jin_pengumpul
bangun;54321;jin_pembangun
kumpul;12345;jin_pengumpul
bangun;54321;jin_pembangun
kumpul;12345;jin_pengumpul
bangun;54321;jin_pembangun
kumpul;12345;jin_pengumpul
bangun;54321;jin_pembangun
kumpul;12345;jin_pengumpul
bangun;54321;jin_pembangun
kumpul;12345;jin_pengumpul
bangun;54321;jin_pembangun
kumpul;12345;jin_pengumpul
bangun;54321;jin_pembangun
kumpul;12345;jin_pengumpul
bangun;54321;jin_pembangun
kumpul;12345;jin_pengumpul
bangun;54321;jin_pembangun
kumpul;12345;jin_pengumpul
bangun;54321;jin_pembangun
kumpul;12345;jin_pengumpul
bangun;54321;jin_pembangun
kumpul;12345;jin_pengumpul
bangun;54321;jin_pembangun
kumpul;12345;jin_pengumpul
bangun;54321;jin_pembangun
kumpul;12345;jin_pengumpul
bangun;54321;jin_pembangun
kumpul;12345;jin_pengumpul
bangun;54321;jin_pembangun
kumpul;12345;jin_pengumpul
bangun;54321;jin_pembangun
kumpul;12345;jin_pengumpul
bangun;54321;jin_pembangun
bangun;54321;jin_pembangun
bangun;54321;jin_pembangun
bangun;54321;jin_pembangun
bangun;54321;jin_pembangun
